#Parameters = {FSS=70; FSSX=1; FSSY=-1; MT=0.018; T=0.13; epsilon=8.95039085; g=-10; gl=15; gw=26; hg=18; hgl=-3; hgnd1up=0; hgw=0.5; hgx1=15; hgy1=10; hsll=1.5; hslw=14.5; n=2; phanup=50; phanx=0; phany=0; pl=26; plusex=0; plusey=0; plusl=6.5; plusw=2.5; plusx=4; plusy=4; pw=23; r=17.35655495771; sl=24; sll=-10; sll1=-16; slot1side=0; slot1up=-1; slot2side=0; slot2up=-8; slw=0.5; slw1=0.5; stripl=19; stripw=1.5; stubl=2; stubw=0.5; stubx=-2.5; stw=0.5; stw1=0; sty=1; sw=30; tand=0.520188942; x=17}
#"Frequency / GHz"	"S1,1 (4) [Magnitude]"
#----------------------------------------
1.0000000000000	-2.9731098377025
1.0039999485016	-2.9827726319513
1.0080000162125	-2.9938726056091
1.0119999647141	-3.0067806196883
1.0160000324249	-3.0218716808958
1.0199999809265	-3.0395240173175
1.0240000486374	-3.0601229496229
1.0279999971390	-3.0840568192677
1.0319999456406	-3.1117227623343
1.0360000133514	-3.1435293063197
1.0399999618530	-3.1798925181350
1.0440000295639	-3.2212491047785
1.0479999780655	-3.2680480843144
1.0520000457764	-3.3207633446125
1.0559999942780	-3.3798880415918
1.0599999427795	-3.4459476885697
1.0640000104904	-3.5194992108001
1.0679999589920	-3.6011359587162
1.0720000267029	-3.6914939749182
1.0759999752045	-3.7912556019137
1.0800000429153	-3.9011574568145
1.0839999914169	-4.0219978702078
1.0880000591278	-4.1546416252697
1.0920000076294	-4.3000307946187
1.0959999561310	-4.4591873840039
1.1000000238419	-4.6332356361963
1.1039999723434	-4.8233998330376
1.1080000400543	-5.0310217961056
1.1119999885559	-5.2575809691989
1.1160000562668	-5.5046950875830
1.1200000047684	-5.7741515830530
1.1239999532700	-6.0679132697311
1.1280000209808	-6.3881402062645
1.1319999694824	-6.7372089101577
1.1360000371933	-7.1177207892655
1.1399999856949	-7.5325069558615
1.1440000534058	-7.9846195208421
1.1480000019073	-8.4772777643399
1.1519999504089	-9.0137645086083
1.1560000181198	-9.5971999709763
1.1599999666214	-10.230108685003
1.1640000343323	-10.913630762605
1.1679999828339	-11.646070856212
1.1720000505447	-12.420401618910
1.1759999990463	-13.220117262943
1.1799999475479	-14.013095622919
1.1840000152588	-14.744528704920
1.1879999637604	-15.333990356725
1.1920000314713	-15.687375526966
1.1959999799728	-15.731342437297
1.2000000476837	-15.453357480387
1.2039999961853	-14.909566013142
1.2079999446869	-14.191723586036
1.2120000123978	-13.387259806470
1.2159999608994	-12.559759588577
1.2200000286102	-11.748226064126
1.2239999771118	-10.973625282224
1.2280000448227	-10.245564349366
1.2319999933243	-9.5671422231871
1.2359999418259	-8.9379258297246
1.2400000095367	-8.3557043896895
1.2439999580383	-7.8174623961804
1.2480000257492	-7.3199158818772
1.2519999742508	-6.8597957389728
1.2560000419617	-6.4339808150326
1.2599999904633	-6.0395612885008
1.2640000581741	-5.6738688733674
1.2680000066757	-5.3344677222772
1.2719999551773	-5.0191487266868
1.2760000228882	-4.7259060348308
1.2799999713898	-4.4529260910997
1.2840000391006	-4.1985686285269
1.2879999876022	-3.9613454621930
1.2920000553131	-3.7399104217416
1.2960000038147	-3.5330400120198
1.2999999523163	-3.3396250371535
1.3040000200272	-3.1586558809301
1.3079999685287	-2.9892150203907
1.3120000362396	-2.8304660400845
1.3159999847412	-2.6816473076540
1.3200000524521	-2.5420634762628
1.3240000009537	-2.4110784334221
1.3279999494553	-2.2881114281013
1.3320000171661	-2.1726316799392
1.3359999656677	-2.0641529826328
1.3400000333786	-1.9622293424188
1.3439999818802	-1.8664506050080
1.3480000495911	-1.7764446465201
1.3519999980927	-1.6918646956007
1.3559999465942	-1.6123947894599
1.3600000143051	-1.5377440923945
1.3639999628067	-1.4676451179957
1.3680000305176	-1.4018511375309
1.3719999790192	-1.3401353525128
1.3760000467300	-1.2822884265512
1.3799999952316	-1.2281168324848
1.3839999437332	-1.1774430940112
1.3880000114441	-1.1301018944409
1.3919999599457	-1.0859424432767
1.3960000276566	-1.0448229594401
1.3999999761581	-1.0066132466158
1.4040000438690	-0.97119274708270
1.4079999923706	-0.93844845920658
1.4119999408722	-0.90827787575415
1.4160000085831	-0.88058197938574
1.4199999570847	-0.85527113138590
1.4240000247955	-0.83226129451466
1.4279999732971	-0.81147221689869
1.4320000410080	-0.79282978344088
1.4359999895096	-0.77626382132262
1.4400000572205	-0.76170728369440
1.4440000057220	-0.74909816743497
1.4479999542236	-0.73837529553887
1.4520000219345	-0.72948088597814
1.4559999704361	-0.72236015911098
1.4600000381470	-0.71695878576693
1.4639999866486	-0.71322511352034
1.4680000543594	-0.71110677041228
1.4720000028610	-0.71055382054175
1.4759999513626	-0.71151691209590
1.4800000190735	-0.71394594522141
1.4839999675751	-0.71779078054059
1.4880000352859	-0.72300188734864
1.4919999837875	-0.72952923086368
1.4960000514984	-0.73732258705784
1.5000000000000	-0.74632956420817
1.5039999485016	-0.75649861702111
1.5080000162125	-0.76777687432674
1.5119999647141	-0.78010877134186
1.5160000324249	-0.79344108905455
1.5199999809265	-0.80771639248995
1.5240000486374	-0.82287858938644
1.5279999971390	-0.83886984544433
1.5319999456406	-0.85563110528630
1.5360000133514	-0.87310374888117
1.5399999618530	-0.89122788804721
1.5440000295639	-0.90994352502866
1.5479999780655	-0.92919034604812
1.5520000457764	-0.94890967562568
1.5559999942780	-0.96904086974853
1.5599999427795	-0.98952689048372
1.5640000104904	-1.0103096073457
1.5679999589920	-1.0313328139925
1.5720000267029	-1.0525440020596
1.5759999752045	-1.0738891031667
1.5800000429153	-1.0953199400677
1.5839999914169	-1.1167881910389
1.5880000591278	-1.1382499011086
1.5920000076294	-1.1596652982766
1.5959999561310	-1.1809970649762
1.6000000238419	-1.2022118075710
1.6039999723434	-1.2232797921876
1.6080000400543	-1.2441765195524
1.6119999885559	-1.2648814421282
1.6160000562668	-1.2853775388429
1.6200000047684	-1.3056524705106
1.6239999532700	-1.3256993817175
1.6280000209808	-1.3455158259089
1.6319999694824	-1.3651018293503
1.6360000371933	-1.3844640794559
1.6399999856949	-1.4036111519925
1.6440000534058	-1.4225576745556
1.6480000019073	-1.4413218343374
1.6519999504089	-1.4599230926440
1.6560000181198	-1.4783860277888
1.6599999666214	-1.4967393150288
1.6640000343323	-1.5150115035889
1.6679999828339	-1.5332357219453
1.6720000505447	-1.5514467016066
1.6759999990463	-1.5696817136397
1.6799999475479	-1.5879780247928
1.6840000152588	-1.6063768976277
1.6879999637604	-1.6249160379080
1.6920000314713	-1.6436386964515
1.6959999799728	-1.6625858014268
1.7000000476837	-1.6817987291047
1.7039999961853	-1.7013195628981
1.7079999446869	-1.7211894406154
1.7120000123978	-1.7414494220134
1.7159999608994	-1.7621381461695
1.7200000286102	-1.7832947065727
1.7239999771118	-1.8049567485752
1.7280000448227	-1.8271595798151
1.7319999933243	-1.8499395774319
1.7359999418259	-1.8733276665979
1.7400000095367	-1.8973560278319
1.7439999580383	-1.9220518699829
1.7480000257492	-1.9474429147065
1.7519999742508	-1.9735541533100
1.7560000419617	-2.0004071685111
1.7599999904633	-2.0280208447452
1.7640000581741	-2.0564126959655
1.7680000066757	-2.0855988032398
1.7719999551773	-2.1155894678342
1.7760000228882	-2.1463937322262
1.7799999713898	-2.1780200000857
1.7840000391006	-2.2104720418005
1.7879999876022	-2.2437500091285
1.7920000553131	-2.2778542587945
1.7960000038147	-2.3127797369319
1.7999999523163	-2.3485201914494
1.8040000200272	-2.3850674555290
1.8079999685287	-2.4224090413749
1.8120000362396	-2.4605331741477
1.8159999847412	-2.4994215988362
1.8200000524521	-2.5390580852750
1.8240000009537	-2.5794204241939
1.8279999494553	-2.6204904138607
1.8320000171661	-2.6622412234392
1.8359999656677	-2.7046486595605
1.8400000333786	-2.7476873254936
1.8439999818802	-2.7913307984570
1.8480000495911	-2.8355481600086
1.8519999980927	-2.8803119699207
1.8559999465942	-2.9255945194292
1.8600000143051	-2.9713643474161
1.8639999628067	-3.0175919048547
1.8680000305176	-3.0642496805701
1.8719999790192	-3.1113083612760
1.8760000467300	-3.1587393661364
1.8799999952316	-3.2065183730360
1.8839999437332	-3.2546169632453
1.8880000114441	-3.3030123178404
1.8919999599457	-3.3516811831958
1.8960000276566	-3.4006022160921
1.8999999761581	-3.4497577906610
1.9040000438690	-3.4991306578310
1.9079999923706	-3.5487044770378
1.9119999408722	-3.5984686101288
1.9160000085831	-3.6484114092232
1.9199999570847	-3.6985263185112
1.9240000247955	-3.7488061792544
1.9279999732971	-3.7992482765106
1.9320000410080	-3.8498529881289
1.9359999895096	-3.9006198578467
1.9400000572205	-3.9515524368230
1.9440000057220	-4.0026574830604
1.9479999542236	-4.0539424477487
1.9520000219345	-4.1054149101929
1.9559999704361	-4.1570863990804
1.9600000381470	-4.2089698002691
1.9639999866486	-4.2610773117184
1.9680000543594	-4.3134237388902
1.9720000028610	-4.3660224226316
1.9759999513626	-4.4188906248187
1.9800000190735	-4.4720433458861
1.9839999675751	-4.5254958997518
1.9880000352859	-4.5792622979301
1.9919999837875	-4.6333590049386
1.9960000514984	-4.6877975000313
2.0000000000000	-4.7425917040143
2.0039999485016	-4.7977517124099
2.0079998970032	-4.8532871923133
2.0120000839233	-4.9092044885231
2.0160000324249	-4.9655110004884
2.0199999809265	-5.0222064805031
2.0239999294281	-5.0792932198616
2.0280001163483	-5.1367691219338
2.0320000648499	-5.1946263958493
2.0360000133514	-5.2528584276885
2.0399999618530	-5.3114523527314
2.0439999103546	-5.3703919056683
2.0480000972748	-5.4296582113418
2.0520000457764	-5.4892300899053
2.0559999942780	-5.5490804301197
2.0599999427795	-5.6091812413402
2.0639998912811	-5.6694957831146
2.0680000782013	-5.7299917238740
2.0720000267029	-5.7906245271666
2.0759999752045	-5.8513546620808
2.0799999237061	-5.9121341461964
2.0840001106262	-5.9729124875981
2.0880000591278	-6.0336390938760
2.0920000076294	-6.0942588953304
2.0959999561310	-6.1547152493547
2.0999999046326	-6.2149490909073
2.1040000915527	-6.2749004980925
2.1080000400543	-6.3345091402555
2.1119999885559	-6.3937138299006
2.1159999370575	-6.4524524366931
2.1199998855591	-6.5106614084338
2.1240000724792	-6.5682817508810
2.1280000209808	-6.6252534807844
2.1319999694824	-6.6815180449683
2.1359999179840	-6.7370197375587
2.1400001049042	-6.7917035411423
2.1440000534058	-6.8455217340652
2.1480000019073	-6.8984257667154
2.1519999504089	-6.9503716601526
2.1559998989105	-7.0013206940729
2.1600000858307	-7.0512392666824
2.1640000343323	-7.1000967159170
2.1679999828339	-7.1478687261187
2.1719999313354	-7.1945355082505
2.1760001182556	-7.2400833310031
2.1800000667572	-7.2845028995454
2.1840000152588	-7.3277920562085
2.1879999637604	-7.3699543229080
2.1919999122620	-7.4109946351821
2.1960000991821	-7.4509287497824
2.2000000476837	-7.4897746049749
2.2039999961853	-7.5275571333854
2.2079999446869	-7.5643018429751
2.2119998931885	-7.6000435352183
2.2160000801086	-7.6348184024525
2.2200000286102	-7.6686674904041
2.2239999771118	-7.7016353264592
2.2279999256134	-7.7337687810875
2.2320001125336	-7.7651178436876
2.2360000610352	-7.7957344028739
2.2400000095367	-7.8256748351495
2.2439999580383	-7.8549919476729
2.2479999065399	-7.8837446370083
2.2520000934601	-7.9119896926873
2.2560000419617	-7.9397845882639
2.2599999904633	-7.9671876941884
2.2639999389648	-7.9942582721514
2.2679998874664	-8.0210531613572
2.2720000743866	-8.0476275194630
2.2760000228882	-8.0740360460716
2.2799999713898	-8.1003353388711
2.2839999198914	-8.1265767607792
2.2880001068115	-8.1528100920827
2.2920000553131	-8.1790860919055
2.2960000038147	-8.2054521857485
2.2999999523163	-8.2319517614711
2.3039999008179	-8.2586297350936
2.3080000877380	-8.2855262117433
2.3120000362396	-8.3126794186275
2.3159999847412	-8.3401274233202
2.3199999332428	-8.3679067955992
2.3239998817444	-8.3960460769963
2.3280000686646	-8.4245788176670
2.3320000171661	-8.4535343024043
2.3359999656677	-8.4829370297668
2.3399999141693	-8.5128164287452
2.3440001010895	-8.5431938969810
2.3480000495911	-8.5740926179863
2.3519999980927	-8.6055353378287
2.3559999465942	-8.6375419309333
2.3599998950958	-8.6701305479899
2.3640000820160	-8.7033218279029
2.3680000305176	-8.7371346551864
2.3719999790192	-8.7715871415271
2.3759999275208	-8.8066957197668
2.3800001144409	-8.8424807113174
2.3840000629425	-8.8789596012305
2.3880000114441	-8.9161505505355
2.3919999599457	-8.9540745164759
2.3959999084473	-8.9927519528213
2.4000000953674	-9.0322041364409
2.4040000438690	-9.0724535444285
2.4079999923706	-9.1135242648674
2.4119999408722	-9.1554429461160
2.4159998893738	-9.1982367207421
2.4200000762939	-9.2419345354121
2.4240000247955	-9.2865678301657
2.4279999732971	-9.3321721637948
2.4319999217987	-9.3787814205566
2.4360001087189	-9.4264336572568
2.4400000572205	-9.4751697400314
2.4440000057220	-9.5250388733513
2.4479999542236	-9.5760797220416
2.4519999027252	-9.6283464975669
2.4560000896454	-9.6818884100658
2.4600000381470	-9.7367615923944
2.4639999866486	-9.7930236406973
2.4679999351501	-9.8507438192389
2.4719998836517	-9.9099738387633
2.4760000705719	-9.9707881303209
2.4800000190735	-10.033256772059
2.4839999675751	-10.097457820170
2.4879999160767	-10.163467433105
2.4920001029968	-10.231362385649
2.4960000514984	-10.301236471018
2.5000000000000	-10.373169926528
2.5039999485016	-10.447265118043
2.5079998970032	-10.523612090049
2.5120000839233	-10.602310764126
2.5160000324249	-10.683467457352
2.5199999809265	-10.767197340618
2.5239999294281	-10.853603011373
2.5280001163483	-10.942810685852
2.5320000648499	-11.034946181602
2.5360000133514	-11.130119106288
2.5399999618530	-11.228487411455
2.5439999103546	-11.330173325344
2.5480000972748	-11.435329683172
2.5520000457764	-11.544103000106
2.5559999942780	-11.656656583440
2.5599999427795	-11.773150965921
2.5639998912811	-11.893764132304
2.5680000782013	-12.018674787417
2.5720000267029	-12.148073595492
2.5759999752045	-12.282164204187
2.5799999237061	-12.421154124393
2.5840001106262	-12.565270467164
2.5880000591278	-12.714746267747
2.5920000076294	-12.869831645139
2.5959999561310	-13.030792115313
2.5999999046326	-13.197905567342
2.6040000915527	-13.371474882465
2.6080000400543	-13.551812634925
2.6119999885559	-13.739264054703
2.6159999370575	-13.934190950041
2.6199998855591	-14.136981904785
2.6240000724792	-14.348057709942
2.6280000209808	-14.567866919483
2.6319999694824	-14.796895160835
2.6359999179840	-15.035662559225
2.6400001049042	-15.284736015784
2.6440000534058	-15.544723930401
2.6480000019073	-15.816286916907
2.6519999504089	-16.100139082141
2.6559998989105	-16.397051743799
2.6600000858307	-16.707861422677
2.6640000343323	-17.033466281486
2.6679999828339	-17.374838270009
2.6719999313354	-17.733006801582
2.6760001182556	-18.109072771505
2.6800000667572	-18.504175991391
2.6840000152588	-18.919496453112
2.6879999637604	-19.356192219730
2.6919999122620	-19.815349325827
2.6960000991821	-20.297870351987
2.7000000476837	-20.804308255442
2.7039999961853	-21.334602858848
2.7079999446869	-21.887680902462
2.7119998931885	-22.460846920763
2.7160000801086	-23.048906982818
2.7200000286102	-23.642932865196
2.7239999771118	-24.228717274669
2.7279999256134	-24.785108991236
2.7320001125336	-25.282911936690
2.7360000610352	-25.685779135743
2.7400000095367	-25.954586029952
2.7439999580383	-26.056111867992
2.7479999065399	-25.973216391874
2.7520000934601	-25.711152029405
2.7560000419617	-25.295588528486
2.7599999904633	-24.763722207519
2.7639999389648	-24.154236399299
2.7679998874664	-23.500505581752
2.7720000743866	-22.827994143988
2.7760000228882	-22.154494790922
2.7799999713898	-21.491587788624
2.7839999198914	-20.846324995732
2.7880001068115	-20.222631466051
2.7920000553131	-19.622370798460
2.7960000038147	-19.046097181802
2.7999999523163	-18.493556463126
2.8039999008179	-17.964019511935
2.8080000877380	-17.456490750639
2.8120000362396	-16.969847504976
2.8159999847412	-16.502927603409
2.8199999332428	-16.054581240614
2.8239998817444	-15.623692810940
2.8280000686646	-15.209210872521
2.8320000171661	-14.810147358730
2.8359999656677	-14.425580498253
2.8399999141693	-14.054661210939
2.8440001010895	-13.696603244811
2.8480000495911	-13.350683422833
2.8519999980927	-13.016232102388
2.8559999465942	-12.692640159021
2.8599998950958	-12.379341320406
2.8640000820160	-12.075817381148
2.8680000305176	-11.781589110704
2.8719999790192	-11.496219021767
2.8759999275208	-11.219294006421
2.8800001144409	-10.950443323842
2.8840000629425	-10.689318474811
2.8880000114441	-10.435594332925
2.8919999599457	-10.188974003149
2.8959999084473	-9.9491774873219
2.9000000953674	-9.7159452331537
2.9040000438690	-9.4890369298006
2.9079999923706	-9.2682268316679
2.9119999408722	-9.0533029924855
2.9159998893738	-8.8440651776051
2.9200000762939	-8.6403284598524
2.9240000247955	-8.4419165267800
2.9279999732971	-8.2486643326839
2.9319999217987	-8.0604139893690
2.9360001087189	-7.8770156333062
2.9400000572205	-7.6983318556173
2.9440000057220	-7.5242253372622
2.9479999542236	-7.3545693122623
2.9519999027252	-7.1892406982182
2.9560000896454	-7.0281242825301
2.9600000381470	-6.8711051657345
2.9639999866486	-6.7180777525138
2.9679999351501	-6.5689379378546
2.9719998836517	-6.4235837826692
2.9760000705719	-6.2819212772787
2.9800000190735	-6.1438567822284
2.9839999675751	-6.0092978677697
2.9879999160767	-5.8781576612537
2.9920001029968	-5.7503517006090
2.9960000514984	-5.6257966927284
3.0000000000000	-5.5044121692334
3.0039999485016	-5.3861207499549
3.0079998970032	-5.2708441006958
3.0120000839233	-5.1585072942253
3.0160000324249	-5.0490412591497
3.0199999809265	-4.9423706597271
3.0239999294281	-4.8384282307149
3.0280001163483	-4.7371446436360
3.0320000648499	-4.6384549815163
3.0360000133514	-4.5422938724867
3.0399999618530	-4.4485975857891
3.0439999103546	-4.3573045816559
3.0480000972748	-4.2683514184993
3.0520000457764	-4.1816824259823
3.0559999942780	-4.0972376303043
3.0599999427795	-4.0149595570574
3.0639998912811	-3.9347927186604
3.0680000782013	-3.8566838327060
3.0720000267029	-3.7805795778147
3.0759999752045	-3.7064264284067
3.0799999237061	-3.6341746806896
3.0840001106262	-3.5637753250709
3.0880000591278	-3.4951797902786
3.0920000076294	-3.4283393145149
3.0959999561310	-3.3632088768817
3.0999999046326	-3.2997429870166
3.1040000915527	-3.2378990041151
3.1080000400543	-3.1776320972449
3.1119999885559	-3.1189013531787
3.1159999370575	-3.0616659704539
3.1199998855591	-3.0058879303563
3.1240000724792	-2.9515268065235
3.1280000209808	-2.8985459693581
3.1319999694824	-2.8469082513218
3.1359999179840	-2.7965779928742
3.1400001049042	-2.7475216115888
3.1440000534058	-2.6997048794509
3.1480000019073	-2.6530953015827
3.1519999504089	-2.6076611455399
3.1559998989105	-2.5633713205549
3.1600000858307	-2.5201954081382
3.1640000343323	-2.4781056295758
3.1679999828339	-2.4370719327789
3.1719999313354	-2.3970691794364
3.1760001182556	-2.3580688344465
3.1800000667572	-2.3200452458300
3.1840000152588	-2.2829740319265
3.1879999637604	-2.2468310049786
3.1919999122620	-2.2115902336917
3.1960000991821	-2.1772323088487
3.2000000476837	-2.1437309070390
3.2039999961853	-2.1110671764060
3.2079999446869	-2.0792190508804
3.2119998931885	-2.0481662544996
3.2160000801086	-2.0178884840065
3.2200000286102	-1.9883658036112
3.2239999771118	-1.9595812152130
3.2279999256134	-1.9315130852486
3.2320001125336	-1.9041479702285
3.2360000610352	-1.8774655350158
3.2400000095367	-1.8514491491455
3.2439999580383	-1.8260823263628
3.2479999065399	-1.8013497626424
3.2520000934601	-1.7772352125066
3.2560000419617	-1.7537234125501
3.2599999904633	-1.7307989434326
3.2639999389648	-1.7084479259499
3.2679998874664	-1.6866567074448
3.2720000743866	-1.6654098194784
3.2760000228882	-1.6446940691281
3.2799999713898	-1.6244961561692
3.2839999198914	-1.6048039183934
3.2880001068115	-1.5856038915653
3.2920000553131	-1.5668824516137
3.2960000038147	-1.5486292477393
3.2999999523163	-1.5308308697501
3.3039999008179	-1.5134754663350
3.3080000877380	-1.4965526633860
3.3120000362396	-1.4800496955741
3.3159999847412	-1.4639561330983
3.3199999332428	-1.4482606856686
3.3239998817444	-1.4329527306640
3.3280000686646	-1.4180223850235
3.3320000171661	-1.4034577791150
3.3359999656677	-1.3892491070605
3.3399999141693	-1.3753873890468
3.3440001010895	-1.3618619434126
3.3480000495911	-1.3486634317089
3.3519999980927	-1.3357822252147
3.3559999465942	-1.3232089175967
3.3599998950958	-1.3109345446269
3.3640000820160	-1.2989503744026
3.3680000305176	-1.2872478017105
3.3719999790192	-1.2758175061970
3.3759999275208	-1.2646518379318
3.3800001144409	-1.2537419633679
3.3840000629425	-1.2430808426041
3.3880000114441	-1.2326592772791
3.3919999599457	-1.2224720859217
3.3959999084473	-1.2125086627602
3.4000000953674	-1.2027648844416
3.4040000438690	-1.1932308655701
3.4079999923706	-1.1839024491474
3.4119999408722	-1.1747714223069
3.4159998893738	-1.1658323819396
3.4200000762939	-1.1570777227455
3.4240000247955	-1.1485027137356
3.4279999732971	-1.1401012255110
3.4319999217987	-1.1318674027553
3.4360001087189	-1.1237963870838
3.4400000572205	-1.1158831537565
3.4440000057220	-1.1081227371838
3.4479999542236	-1.1005099517795
3.4519999027252	-1.0930406356289
3.4560000896454	-1.0857114203311
3.4600000381470	-1.0785169755734
3.4639999866486	-1.0714528414330
3.4679999351501	-1.0645172387358
3.4719998836517	-1.0577067255373
3.4760000705719	-1.0510174370530
3.4800000190735	-1.0444452206599
3.4839999675751	-1.0379891923888
3.4879999160767	-1.0316461516487
3.4920001029968	-1.0254126172712
3.4960000514984	-1.0192877340593
3.5000000000000	-1.0132697086788
3.5039999485016	-1.0073550471454
3.5079998970032	-1.0015421155666
3.5120000839233	-0.99583129362140
3.5160000324249	-0.99021954499349
3.5199999809265	-0.98470644913965
3.5239999294281	-0.97928974894285
3.5280001163483	-0.97396971026316
3.5320000648499	-0.96874555567989
3.5360000133514	-0.96361579337098
3.5399999618530	-0.95857944836436
3.5439999103546	-0.95363619268995
3.5480000972748	-0.94878660089416
3.5520000457764	-0.94402913985199
3.5559999942780	-0.93936472653789
3.5599999427795	-0.93479270265118
3.5639998912811	-0.93031147242539
3.5680000782013	-0.92592277726725
3.5720000267029	-0.92162681914259
3.5759999752045	-0.91742283752933
3.5799999237061	-0.91331092458754
3.5840001106262	-0.90929169302170
3.5880000591278	-0.90536425076783
3.5920000076294	-0.90152919298818
3.5959999561310	-0.89778800476516
3.5999999046326	-0.89413988247957
3.6040000915527	-0.89058406749341
3.6080000400543	-0.88712274343742
3.6119999885559	-0.88375441195296
3.6159999370575	-0.88048104656510
3.6199998855591	-0.87730065391799
3.6240000724792	-0.87421574824796
3.6280000209808	-0.87122525068331
3.6319999694824	-0.86832935844078
3.6359999179840	-0.86552850256668
3.6400001049042	-0.86282219778062
3.6440000534058	-0.86021203883363
3.6480000019073	-0.85769728601731
3.6519999504089	-0.85527762741653
3.6559998989105	-0.85295324001798
3.6600000858307	-0.85072442971045
3.6640000343323	-0.84859219290430
3.6679999828339	-0.84655378433247
3.6719999313354	-0.84461179655150
3.6760001182556	-0.84276471095847
3.6800000667572	-0.84101291424180
3.6840000152588	-0.83935564012243
3.6879999637604	-0.83779346831555
3.6919999122620	-0.83632508953246
3.6960000991821	-0.83495072261591
3.7000000476837	-0.83367070703013
3.7039999961853	-0.83248317190860
3.7079999446869	-0.83138871004781
3.7119998931885	-0.83038548684627
3.7160000801086	-0.82947498984750
3.7200000286102	-0.82865463564630
3.7239999771118	-0.82792465347317
3.7279999256134	-0.82728326191686
3.7320001125336	-0.82673016849230
3.7360000610352	-0.82626404695468
3.7400000095367	-0.82588470444622
3.7439999580383	-0.82558907024277
3.7479999065399	-0.82537756822151
3.7520000934601	-0.82524767003052
3.7560000419617	-0.82519828860597
3.7599999904633	-0.82522740812012
3.7639999389648	-0.82533333770237
3.7679998874664	-0.82551414854526
3.7720000743866	-0.82576695855041
3.7760000228882	-0.82609006039090
3.7799999713898	-0.82648219783530
3.7839999198914	-0.82693821227720
3.7880001068115	-0.82745692787739
3.7920000553131	-0.82803494991246
3.7960000038147	-0.82866883066448
3.7999999523163	-0.82935522314273
3.8039999008179	-0.83009073329849
3.8080000877380	-0.83087197290131
3.8120000362396	-0.83169331798361
3.8159999847412	-0.83255198937545
3.8199999332428	-0.83344232861243
3.8239998817444	-0.83436102185491
3.8280000686646	-0.83530189960278
3.8320000171661	-0.83626102709934
3.8359999656677	-0.83723226800551
3.8399999141693	-0.83820938519981
3.8440001010895	-0.83918793439873
3.8480000495911	-0.84016057432607
3.8519999980927	-0.84112280095625
3.8559999465942	-0.84206669032005
3.8599998950958	-0.84298714547024
3.8640000820160	-0.84387506172126
3.8680000305176	-0.84472644049682
3.8719999790192	-0.84553213790064
3.8759999275208	-0.84628695866017
3.8800001144409	-0.84698168630915
3.8840000629425	-0.84761050826663
3.8880000114441	-0.84816527155082
3.8919999599457	-0.84863893616834
3.8959999084473	-0.84902441404033
3.9000000953674	-0.84931400762539
3.9040000438690	-0.84949996253226
3.9079999923706	-0.84957617706766
3.9119999408722	-0.84953483061403
3.9159998893738	-0.84936910057599
3.9200000762939	-0.84907222251879
3.9240000247955	-0.84863782064097
3.9279999732971	-0.84805956251391
3.9319999217987	-0.84733094163579
3.9360001087189	-0.84644664132051
3.9400000572205	-0.84540127761334
3.9440000057220	-0.84418986631651
3.9479999542236	-0.84280741874116
3.9519999027252	-0.84124943997730
3.9560000896454	-0.83951368668666
3.9600000381470	-0.83759499193057
3.9639999866486	-0.83549199325825
3.9679999351501	-0.83320233250721
3.9719998836517	-0.83072396721365
3.9760000705719	-0.82805540031749
3.9800000190735	-0.82519743919630
3.9839999675751	-0.82214955953547
3.9879999160767	-0.81891302194532
3.9920001029968	-0.81548831929437
3.9960000514984	-0.81187767147588
4.0000000000000	-0.80808483876777
4.0040001869202	-0.80411196844406
4.0079998970032	-0.79996341226996
4.0120000839233	-0.79564374012698
4.0159997940063	-0.79115852819616
4.0199999809265	-0.78651281729631
4.0240001678467	-0.78171299984311
4.0279998779297	-0.77676657385514
4.0320000648499	-0.77168023448763
4.0359997749329	-0.76646191381436
4.0399999618530	-0.76112121153052
4.0440001487732	-0.75566477598024
4.0479998588562	-0.75010361965408
4.0520000457764	-0.74444627654509
4.0560002326965	-0.73870324844600
4.0599999427795	-0.73288496375390
4.0640001296997	-0.72700136495577
4.0679998397827	-0.72106303307865
4.0720000267029	-0.71508091379803
4.0760002136230	-0.70906610476601
4.0799999237061	-0.70303011210285
4.0840001106262	-0.69698297631298
4.0879998207092	-0.69093640741387
4.0920000076294	-0.68490120892550
4.0960001945496	-0.67888874022385
4.0999999046326	-0.67290954332279
4.1040000915527	-0.66697479797444
4.1079998016357	-0.66109412501309
4.1119999885559	-0.65527820836813
4.1160001754761	-0.64953677869939
4.1199998855591	-0.64388015815497
4.1240000724792	-0.63831652131529
4.1279997825623	-0.63285674376160
4.1319999694824	-0.62750709032303
4.1360001564026	-0.62227755713347
4.1399998664856	-0.61717460273142
4.1440000534058	-0.61220625788355
4.1479997634888	-0.60737878834665
4.1519999504089	-0.60269839737598
4.1560001373291	-0.59817020452304
4.1599998474121	-0.59380100166099
4.1640000343323	-0.58959435643659
4.1680002212524	-0.58555397533458
4.1719999313354	-0.58168372989416
4.1760001182556	-0.57798644648019
4.1799998283386	-0.57446455969944
4.1840000152588	-0.57111896388813
4.1880002021790	-0.56795188671305
4.1919999122620	-0.56496364680337
4.1960000991821	-0.56215400348169
4.1999998092651	-0.55952207477049
4.2039999961853	-0.55706781452955
4.2080001831055	-0.55478782700628
4.2119998931885	-0.55268160495094
4.2160000801086	-0.55074593987872
4.2199997901917	-0.54897725794738
4.2239999771118	-0.54737220286955
4.2280001640320	-0.54592719238162
4.2319998741150	-0.54463635019309
4.2360000610352	-0.54349587871622
4.2399997711182	-0.54249931018978
4.2439999580383	-0.54164276744849
4.2480001449585	-0.54091896500603
4.2519998550415	-0.54032172009079
4.2560000419617	-0.53984566899376
4.2600002288818	-0.53948337434378
4.2639999389648	-0.53922786481530
4.2680001258850	-0.53907221238996
4.2719998359680	-0.53900959006196
4.2760000228882	-0.53903332890640
4.2800002098083	-0.53913547297650
4.2839999198914	-0.53930931001360
4.2880001068115	-0.53954766697131
4.2919998168945	-0.53984450250328
4.2960000038147	-0.54019224417540
4.3000001907349	-0.54058420493138
4.3039999008179	-0.54101455979995
4.3080000877380	-0.54147686339027
4.3119997978210	-0.54196547819891
4.3159999847412	-0.54247361804707
4.3200001716614	-0.54299885086476
4.3239998817444	-0.54353398249234
4.3280000686646	-0.54407561562304
4.3319997787476	-0.54461884150268
4.3359999656677	-0.54516213506092
4.3400001525879	-0.54570071331869
4.3439998626709	-0.54623235621268
4.3480000495911	-0.54675449806702
4.3520002365112	-0.54726582647542
4.3559999465942	-0.54776501028798
4.3600001335144	-0.54825189806237
4.3639998435974	-0.54872500647151
4.3680000305176	-0.54918736135952
4.3720002174377	-0.54963644540035
4.3759999275208	-0.55007442218962
4.3800001144409	-0.55050355991803
4.3839998245239	-0.55092526536083
4.3880000114441	-0.55134196354845
4.3920001983643	-0.55175670258549
4.3959999084473	-0.55217182304497
4.4000000953674	-0.55259156744020
4.4039998054504	-0.55301863335623
4.4079999923706	-0.55345653370738
4.4120001792908	-0.55391094173108
4.4159998893738	-0.55438504072063
4.4200000762939	-0.55488402497633
4.4239997863770	-0.55541023148273
4.4279999732971	-0.55596991255272
4.4320001602173	-0.55656706959110
4.4359998703003	-0.55720465427366
4.4400000572205	-0.55788936196321
4.4439997673035	-0.55862367486086
4.4479999542236	-0.55941261216161
4.4520001411438	-0.56025950801015
4.4559998512268	-0.56116777618576
4.4600000381470	-0.56214113907463
4.4640002250671	-0.56318195560668
4.4679999351501	-0.56429354915534
4.4720001220703	-0.56547842074657
4.4759998321533	-0.56673788814011
4.4800000190735	-0.56807514207242
4.4840002059937	-0.56948914012501
4.4879999160767	-0.57098176179373
4.4920001029968	-0.57255362934416
4.4959998130798	-0.57420402022926
4.5000000000000	-0.57593208458500
4.5040001869202	-0.57773638302630
4.5079998970032	-0.57961670173068
4.5120000839233	-0.58157079717467
4.5159997940063	-0.58359495794374
4.5199999809265	-0.58568714723680
4.5240001678467	-0.58784329060773
4.5279998779297	-0.59005980650814
4.5320000648499	-0.59233225907164
4.5359997749329	-0.59465671234898
4.5399999618530	-0.59702738875758
4.5440001487732	-0.59944061838159
4.5479998588562	-0.60188889418121
4.5520000457764	-0.60436786940366
4.5560002326965	-0.60687063389615
4.5599999427795	-0.60939174449440
4.5640001296997	-0.61192374212115
4.5679998397827	-0.61446158665759
4.5720000267029	-0.61699820183671
4.5760002136230	-0.61952853480568
4.5799999237061	-0.62204391258373
4.5840001106262	-0.62453987238262
4.5879998207092	-0.62701046271570
4.5920000076294	-0.62944918364662
4.5960001945496	-0.63184980341696
4.5999999046326	-0.63420974885343
4.6040000915527	-0.63652144653575
4.6079998016357	-0.63878111467858
4.6119999885559	-0.64098647987024
4.6160001754761	-0.64313190979858
4.6199998855591	-0.64521526371834
4.6240000724792	-0.64723349233950
4.6279997825623	-0.64918508074607
4.6319999694824	-0.65106831446198
4.6360001564026	-0.65288357229397
4.6399998664856	-0.65462893562967
4.6440000534058	-0.65630676375500
4.6479997634888	-0.65791714674150
4.6519999504089	-0.65946173492575
4.6560001373291	-0.66094329256998
4.6599998474121	-0.66236412174507
4.6640000343323	-0.66372930214149
4.6680002212524	-0.66504163994150
4.6719999313354	-0.66630699947891
4.6760001182556	-0.66752894558658
4.6799998283386	-0.66871460175408
4.6840000152588	-0.66987095370027
4.6880002021790	-0.67100307042057
4.6919999122620	-0.67211785236484
4.6960000991821	-0.67322370548886
4.6999998092651	-0.67432746441777
4.7039999961853	-0.67543712148950
4.7080001831055	-0.67656082515209
4.7119998931885	-0.67770646465537
4.7160000801086	-0.67888215536045
4.7199997901917	-0.68009594074262
4.7239999771118	-0.68135661452743
4.7280001640320	-0.68267121332852
4.7319998741150	-0.68404803646307
4.7360000610352	-0.68549404744123
4.7399997711182	-0.68701699193601
4.7439999580383	-0.68862354314843
4.7480001449585	-0.69031978180343
4.7519998550415	-0.69211323854490
4.7560000419617	-0.69400700143104
4.7600002288818	-0.69600811930759
4.7639999389648	-0.69811960720606
4.7680001258850	-0.70034616829375
4.7719998359680	-0.70269007192538
4.7760000228882	-0.70515365257910
4.7800002098083	-0.70773860538381
4.7839999198914	-0.71044669845197
4.7880001068115	-0.71327700669306
4.7919998168945	-0.71622845244959
4.7960000038147	-0.71930154594805
4.8000001907349	-0.72249240533140
4.8039999008179	-0.72579785662786
4.8080000877380	-0.72921417160494
4.8119997978210	-0.73273734034088
4.8159999847412	-0.73636127913415
4.8200001716614	-0.74008116767325
4.8239998817444	-0.74388950952895
4.8280000686646	-0.74777847925061
4.8319997787476	-0.75174069515920
4.8359999656677	-0.75576782470126
4.8400001525879	-0.75985067747918
4.8439998626709	-0.76398024603933
4.8480000495911	-0.76814587629040
4.8520002365112	-0.77233797686617
4.8559999465942	-0.77654658818528
4.8600001335144	-0.78076143658078
4.8639998435974	-0.78497097576237
4.8680000305176	-0.78916622980028
4.8720002174377	-0.79333613562435
4.8759999275208	-0.79747159604938
4.8800001144409	-0.80156120892246
4.8839998245239	-0.80559628394527
4.8880000114441	-0.80956857570059
4.8920001983643	-0.81346916890840
4.8959999084473	-0.81729033625943
4.9000000953674	-0.82102500261692
4.9039998054504	-0.82466636973163
4.9079999923706	-0.82820998212519
4.9120001792908	-0.83165067634805
4.9159998893738	-0.83498561717738
4.9200000762939	-0.83821087982393
4.9239997863770	-0.84132608142441
4.9279999732971	-0.84433090978155
4.9320001602173	-0.84722480230324
4.9359998703003	-0.85001055799878
4.9400000572205	-0.85269020030943
4.9439997673035	-0.85526832690836
4.9479999542236	-0.85774972804726
4.9520001411438	-0.86014158428300
4.9559998512268	-0.86245054167765
4.9600000381470	-0.86468431415360
4.9640002250671	-0.86685128293621
4.9679999351501	-0.86896426706373
4.9720001220703	-0.87103246993964
4.9759998321533	-0.87306845406268
4.9800000190735	-0.87508433801535
4.9840002059937	-0.87709343405412
4.9879999160767	-0.87910890974618
4.9920001029968	-0.88114535277257
4.9959998130798	-0.88321783242156
5.0000000000000	-0.88534104522655
